customer_id,first_name,last_name,email,gender
1,Cordey,Messam,cmessam0@auda.org.au,F
2,Fredrika,Lassey,flassey1@cbsnews.com,F
3,Lucius,Sturrock,lsturrock2@hp.com,M
4,Nikkie,Marzelli,nmarzelli3@cmu.edu,F
5,Florentia,Fellgatt,ffellgatt4@goo.ne.jp,F
6,Trenna,O'Codihie,tocodihie5@shinystat.com,F
7,Eva,Duny,eduny6@merriam-webster.com,F
8,Verne,Kikke,vkikke7@tmall.com,M
9,Kory,Tanby,ktanby8@howstuffworks.com,M
10,Constantia,Matheson,cmatheson9@ebay.com,F
11,Lindy,Dellow,ldellowa@canalblog.com,M
12,Erna,Drewitt,edrewittb@army.mil,F
13,Laureen,Swatridge,lswatridgec@taobao.com,F
14,Ashley,Archdeacon,aarchdeacond@house.gov,F
15,Jeannette,Willavize,jwillavizee@wiley.com,F
16,Isadore,Raddin,iraddinf@edublogs.org,M
17,Ezmeralda,Zapata,ezapatag@hubpages.com,F
18,Shurlocke,Adamides,sadamidesh@independent.co.uk,M
19,Nat,Haspineall,nhaspinealli@who.int,M
20,Micaela,Zanre,mzanrej@msu.edu,F
21,Danila,McArley,dmcarleyk@smugmug.com,F
22,Humberto,Yorke,hyorkel@ftc.gov,M
23,Britt,O'Kinneally,bokinneallym@telegraph.co.uk,F
24,Brander,Horche,bhorchen@shop-pro.jp,M
25,Zelig,Tippetts,ztippettso@scientificamerican.com,M
